{"cameraMode":{"drawMode":0,"name":"Shaded","section":"Shading Mode"},"sceneLighting":false,"audioPlay":false,"sceneViewState":{"showFog":true,"showMaterialUpdate":true,"showSkybox":true,"showFlares":true,"showImageEffects":true,"showParticleSystems":true},"in2DMode":false,"pivot":{"x":-0.7628335952758789,"y":0.19257593154907227,"z":0.3860759735107422},"rotation":{"x":0.16528718173503877,"y":-0.28291329741477969,"z":0.049554936587810519,"w":0.9435926079750061},"size":22.0,"orthographic":false}