{"cameraMode":{"drawMode":0,"name":"Shaded","section":"Shading Mode"},"sceneLighting":false,"audioPlay":false,"sceneViewState":{"showFog":true,"showMaterialUpdate":true,"showSkybox":false,"showFlares":true,"showImageEffects":true,"showParticleSystems":true},"in2DMode":false,"pivot":{"x":-0.6355165243148804,"y":5.774363040924072,"z":-9.807930946350098},"rotation":{"x":-0.011841651983559132,"y":-0.36811816692352297,"z":0.005157443229109049,"w":-0.9299669861793518},"size":2.8578836917877199,"orthographic":false}