{"cameraMode":{"drawMode":0,"name":"Shaded","section":"Shading Mode"},"sceneLighting":false,"audioPlay":false,"sceneViewState":{"showFog":true,"showMaterialUpdate":true,"showSkybox":true,"showFlares":true,"showImageEffects":true,"showParticleSystems":true},"in2DMode":false,"pivot":{"x":0.07436935603618622,"y":-7.621082782745361,"z":-14.386007308959961},"rotation":{"x":0.019162490963935853,"y":0.961100161075592,"z":-0.26696962118148806,"w":0.0709005668759346},"size":22.0,"orthographic":false}