{"cameraMode":{"drawMode":0,"name":"Shaded","section":"Shading Mode"},"sceneLighting":false,"audioPlay":false,"sceneViewState":{"showFog":true,"showMaterialUpdate":true,"showSkybox":true,"showFlares":true,"showImageEffects":true,"showParticleSystems":true},"in2DMode":false,"pivot":{"x":-4.2257232666015629,"y":2.1680314540863039,"z":-5.835130214691162},"rotation":{"x":0.13972006738185883,"y":0.5573434829711914,"z":-0.09617788344621659,"w":0.813058614730835},"size":11.519893646240235,"orthographic":false}