{"cameraMode":{"drawMode":0,"name":"Shaded","section":"Shading Mode"},"sceneLighting":true,"audioPlay":false,"sceneViewState":{"showFog":true,"showMaterialUpdate":true,"showSkybox":true,"showFlares":true,"showImageEffects":true,"showParticleSystems":true},"in2DMode":false,"pivot":{"x":-4.574036121368408,"y":1.427093505859375,"z":2.258028268814087},"rotation":{"x":-0.15185241401195527,"y":-0.009341946803033352,"z":0.0017140659037977458,"w":-0.9886683821678162},"size":24.902915954589845,"orthographic":false}