{"cameraMode":{"drawMode":0,"name":"Shaded","section":"Shading Mode"},"sceneLighting":true,"audioPlay":false,"sceneViewState":{"showFog":true,"showMaterialUpdate":true,"showSkybox":true,"showFlares":true,"showImageEffects":true,"showParticleSystems":true},"in2DMode":false,"pivot":{"x":-4.2223663330078129,"y":-0.1847233772277832,"z":-1.5061497688293458},"rotation":{"x":0.06244734302163124,"y":-0.816819965839386,"z":0.09005652368068695,"w":0.5663934946060181},"size":13.608617782592774,"orthographic":false}