{"cameraMode":{"drawMode":0,"name":"Shaded","section":"Shading Mode"},"sceneLighting":false,"audioPlay":false,"sceneViewState":{"showFog":true,"showMaterialUpdate":true,"showSkybox":false,"showFlares":true,"showImageEffects":true,"showParticleSystems":true},"in2DMode":false,"pivot":{"x":-2.0236856937408449,"y":1.0456757545471192,"z":0.052807554602622989},"rotation":{"x":0.0009368176106363535,"y":0.9977619647979736,"z":-0.013782014138996601,"w":0.06968972831964493},"size":0.6597739458084106,"orthographic":false}