{"cameraMode":{"drawMode":0,"name":"Shaded","section":"Shading Mode"},"sceneLighting":false,"audioPlay":false,"sceneViewState":{"showFog":true,"showMaterialUpdate":true,"showSkybox":false,"showFlares":true,"showImageEffects":true,"showParticleSystems":true},"in2DMode":false,"pivot":{"x":-1.6053719520568848,"y":2.2300000190734865,"z":-6.529176235198975},"rotation":{"x":-0.08145532011985779,"y":0.7779695391654968,"z":-0.10534033924341202,"w":-0.6144794821739197},"size":4.041658401489258,"orthographic":false}