{"cameraMode":{"drawMode":0,"name":"Shaded","section":"Shading Mode"},"sceneLighting":true,"audioPlay":false,"sceneViewState":{"showFog":true,"showMaterialUpdate":true,"showSkybox":false,"showFlares":true,"showImageEffects":true,"showParticleSystems":true},"in2DMode":false,"pivot":{"x":-6.008601188659668,"y":1.4333255290985108,"z":3.024007558822632},"rotation":{"x":0.019998934119939805,"y":0.8704458475112915,"z":-0.03557508438825607,"w":0.4911700487136841},"size":0.6597739458084106,"orthographic":false}