{"cameraMode":{"drawMode":0,"name":"Shaded","section":"Shading Mode"},"sceneLighting":true,"audioPlay":false,"sceneViewState":{"showFog":true,"showMaterialUpdate":true,"showSkybox":false,"showFlares":true,"showImageEffects":true,"showParticleSystems":true},"in2DMode":false,"pivot":{"x":-1.8843947649002076,"y":1.017986536026001,"z":0.04001963138580322},"rotation":{"x":0.005233597941696644,"y":0.9858402013778687,"z":-0.031380973756313327,"w":0.16642197966575623},"size":0.6597739458084106,"orthographic":false}