{"cameraMode":{"drawMode":0,"name":"Shaded","section":"Shading Mode"},"sceneLighting":true,"audioPlay":false,"sceneViewState":{"showFog":true,"showMaterialUpdate":true,"showSkybox":true,"showFlares":true,"showImageEffects":true,"showParticleSystems":true},"in2DMode":false,"pivot":{"x":15.521013259887696,"y":3.154677152633667,"z":-4.475052833557129},"rotation":{"x":0.0069236853159964088,"y":0.992551863193512,"z":-0.05296024680137634,"w":0.11285553127527237},"size":1.2623155117034913,"orthographic":false}