{"cameraMode":{"drawMode":0,"name":"Shaded","section":"Shading Mode"},"sceneLighting":true,"audioPlay":false,"sceneViewState":{"showFog":true,"showMaterialUpdate":true,"showSkybox":false,"showFlares":true,"showImageEffects":true,"showParticleSystems":true},"in2DMode":false,"pivot":{"x":-1.330000400543213,"y":-0.9190616607666016,"z":7.930000305175781},"rotation":{"x":0.013338428921997548,"y":-0.8863461017608643,"z":-0.025861646980047227,"w":-0.4630184769630432},"size":1.5458359718322755,"orthographic":false}