{"cameraMode":{"drawMode":0,"name":"Shaded","section":"Shading Mode"},"sceneLighting":true,"audioPlay":false,"sceneViewState":{"showFog":true,"showMaterialUpdate":true,"showSkybox":true,"showFlares":true,"showImageEffects":true,"showParticleSystems":true},"in2DMode":false,"pivot":{"x":-41.3080940246582,"y":2.7781176567077638,"z":2.9347517490386965},"rotation":{"x":0.03505780175328255,"y":0.5960526466369629,"z":-0.001197222271002829,"w":0.8037396669387817},"size":22.0,"orthographic":false}