{"cameraMode":{"drawMode":0,"name":"Shaded","section":"Shading Mode"},"sceneLighting":false,"audioPlay":false,"sceneViewState":{"showFog":true,"showMaterialUpdate":true,"showSkybox":false,"showFlares":true,"showImageEffects":true,"showParticleSystems":true},"in2DMode":false,"pivot":{"x":6.300865650177002,"y":3.7376973628997804,"z":-0.24044109880924226},"rotation":{"x":-0.07469316571950913,"y":0.06812182813882828,"z":-0.00649398984387517,"w":-0.9951278567314148},"size":22.0,"orthographic":false}