{"cameraMode":{"drawMode":0,"name":"Shaded","section":"Shading Mode"},"sceneLighting":true,"audioPlay":false,"sceneViewState":{"showFog":true,"showMaterialUpdate":true,"showSkybox":false,"showFlares":true,"showImageEffects":true,"showParticleSystems":true},"in2DMode":false,"pivot":{"x":9.058309555053711,"y":-1.2967543601989747,"z":-1.6376657485961915},"rotation":{"x":-0.11377561092376709,"y":0.3562930226325989,"z":-0.044465940445661548,"w":-0.9267996549606323},"size":12.00311279296875,"orthographic":false}