{"cameraMode":{"drawMode":0,"name":"Shaded","section":"Shading Mode"},"sceneLighting":true,"audioPlay":false,"sceneViewState":{"showFog":true,"showMaterialUpdate":true,"showSkybox":true,"showFlares":true,"showImageEffects":true,"showParticleSystems":true},"in2DMode":false,"pivot":{"x":5.869449615478516,"y":1.4431051015853882,"z":-3.1714823246002199},"rotation":{"x":0.013742165639996529,"y":-0.8112791180610657,"z":-0.02596648968756199,"w":-0.5849874019622803},"size":12.003111839294434,"orthographic":false}