{"cameraMode":{"drawMode":0,"name":"Shaded","section":"Shading Mode"},"sceneLighting":true,"audioPlay":false,"sceneViewState":{"showFog":true,"showMaterialUpdate":true,"showSkybox":false,"showFlares":true,"showImageEffects":true,"showParticleSystems":true},"in2DMode":false,"pivot":{"x":11.020999908447266,"y":-0.6280617117881775,"z":-0.0386505126953125},"rotation":{"x":-0.09051090478897095,"y":0.2551254630088806,"z":-0.024668492376804353,"w":-0.962774395942688},"size":12.00311279296875,"orthographic":false}