{"cameraMode":{"drawMode":0,"name":"Shaded","section":"Shading Mode"},"sceneLighting":false,"audioPlay":false,"sceneViewState":{"showFog":true,"showMaterialUpdate":true,"showSkybox":true,"showFlares":true,"showImageEffects":true,"showParticleSystems":true},"in2DMode":false,"pivot":{"x":-0.17561247944831849,"y":0.0484001487493515,"z":0.9858224987983704},"rotation":{"x":-0.02189989946782589,"y":0.956047534942627,"z":-0.07356645166873932,"w":-0.28401079773902895},"size":0.6623154282569885,"orthographic":false}