{"cameraMode":{"drawMode":0,"name":"Shaded","section":"Shading Mode"},"sceneLighting":true,"audioPlay":false,"sceneViewState":{"showFog":true,"showMaterialUpdate":true,"showSkybox":true,"showFlares":true,"showImageEffects":true,"showParticleSystems":true},"in2DMode":false,"pivot":{"x":-47.878963470458987,"y":2.292081594467163,"z":3.1284255981445314},"rotation":{"x":-0.004845069255679846,"y":0.6602462530136108,"z":-0.01953139714896679,"w":-0.7518554329872131},"size":32.933563232421878,"orthographic":false}