{"cameraMode":{"drawMode":0,"name":"Shaded","section":"Shading Mode"},"sceneLighting":true,"audioPlay":false,"sceneViewState":{"showFog":true,"showMaterialUpdate":true,"showSkybox":true,"showFlares":true,"showImageEffects":true,"showParticleSystems":true},"in2DMode":false,"pivot":{"x":6.3756842613220219,"y":4.027060031890869,"z":-3.713601589202881},"rotation":{"x":-0.040287815034389499,"y":0.7538409233093262,"z":-0.048436108976602557,"w":-0.6544399857521057},"size":0.08200260996818543,"orthographic":false}