{"cameraMode":{"drawMode":0,"name":"Shaded","section":"Shading Mode"},"sceneLighting":false,"audioPlay":false,"sceneViewState":{"showFog":true,"showMaterialUpdate":true,"showSkybox":false,"showFlares":true,"showImageEffects":true,"showParticleSystems":true},"in2DMode":false,"pivot":{"x":20.896495819091798,"y":-2.9490549564361574,"z":12.225174903869629},"rotation":{"x":-0.19359204173088075,"y":-0.20436306297779084,"z":0.023503869771957399,"w":-0.9604635238647461},"size":22.0,"orthographic":false}