{"cameraMode":{"drawMode":0,"name":"Shaded","section":"Shading Mode"},"sceneLighting":true,"audioPlay":false,"sceneViewState":{"showFog":true,"showMaterialUpdate":true,"showSkybox":true,"showFlares":true,"showImageEffects":true,"showParticleSystems":true},"in2DMode":false,"pivot":{"x":-14.995802879333496,"y":3.413875102996826,"z":-0.843070387840271},"rotation":{"x":-0.02420724555850029,"y":-0.7077275514602661,"z":-0.014828169718384743,"w":0.7068497538566589},"size":12.003111839294434,"orthographic":false}