{"cameraMode":{"drawMode":0,"name":"Shaded","section":"Shading Mode"},"sceneLighting":false,"audioPlay":false,"sceneViewState":{"showFog":true,"showMaterialUpdate":true,"showSkybox":false,"showFlares":true,"showImageEffects":true,"showParticleSystems":true},"in2DMode":false,"pivot":{"x":-26.48564338684082,"y":6.300651550292969,"z":1.993120551109314},"rotation":{"x":0.006433786358684301,"y":-0.09051185101270676,"z":0.00562466774135828,"w":0.9964398741722107},"size":2.8578948974609377,"orthographic":false}