{"cameraMode":{"drawMode":0,"name":"Shaded","section":"Shading Mode"},"sceneLighting":false,"audioPlay":false,"sceneViewState":{"showFog":true,"showMaterialUpdate":true,"showSkybox":true,"showFlares":true,"showImageEffects":true,"showParticleSystems":true},"in2DMode":false,"pivot":{"x":0.026540393009781839,"y":2.910334587097168,"z":-4.174346446990967},"rotation":{"x":-0.047587573528289798,"y":0.9113996624946594,"z":-0.11018221825361252,"w":-0.39363211393356326},"size":10.0,"orthographic":false}